Termino,Aparicion,Documento,HASH
figuran,1,['la_biblioteca_de_babel.txt'],0
triangular,1,['la_biblioteca_de_babel.txt'],1
preparo,1,['la_biblioteca_de_babel.txt'],1
cómo,2,"['evangelio_segun_marcos.txt', 'la_biblioteca_de_babel.txt']",2
pensador,1,['la_biblioteca_de_babel.txt'],2
pérfida,1,['la_biblioteca_de_babel.txt'],3
verídica,1,['la_biblioteca_de_babel.txt'],5
sido,3,"['evangelio_segun_marcos.txt', 'funes_el_memorioso.txt', 'la_biblioteca_de_babel.txt']",5
creo,2,"['funes_el_memorioso.txt', 'la_biblioteca_de_babel.txt']",5
ejemplo,3,"['evangelio_segun_marcos.txt', 'funes_el_memorioso.txt', 'la_biblioteca_de_babel.txt']",6
ultrajado,1,['la_biblioteca_de_babel.txt'],6
pretenden,1,['la_biblioteca_de_babel.txt'],7
herética,1,['la_biblioteca_de_babel.txt'],7
acabo,2,"['funes_el_memorioso.txt', 'la_biblioteca_de_babel.txt']",10
túnele,1,['la_biblioteca_de_babel.txt'],10
aclaración,1,['la_biblioteca_de_babel.txt'],11
mejor,2,"['evangelio_segun_marcos.txt', 'la_biblioteca_de_babel.txt']",15
difieren,1,['la_biblioteca_de_babel.txt'],16
impío,1,['la_biblioteca_de_babel.txt'],18
condenaban,1,['la_biblioteca_de_babel.txt'],19
sitio,1,['la_biblioteca_de_babel.txt'],20
libr,1,['la_biblioteca_de_babel.txt'],21
aplicación,1,['la_biblioteca_de_babel.txt'],21
limitado,1,['la_biblioteca_de_babel.txt'],21
perfectament,1,['la_biblioteca_de_babel.txt'],22
morir,1,['la_biblioteca_de_babel.txt'],23
ilustrada,1,['la_biblioteca_de_babel.txt'],25
noventa,1,['la_biblioteca_de_babel.txt'],25
engañen,1,['la_biblioteca_de_babel.txt'],27
influir,1,['la_biblioteca_de_babel.txt'],27
aventura,1,['la_biblioteca_de_babel.txt'],28
emiten,1,['la_biblioteca_de_babel.txt'],28
viajero,1,['la_biblioteca_de_babel.txt'],28
sólo,2,"['funes_el_memorioso.txt', 'la_biblioteca_de_babel.txt']",29
cerril,1,['la_biblioteca_de_babel.txt'],29
dijo,3,"['evangelio_segun_marcos.txt', 'funes_el_memorioso.txt', 'la_biblioteca_de_babel.txt']",30
pie,2,"['evangelio_segun_marcos.txt', 'la_biblioteca_de_babel.txt']",30
sistema,2,"['funes_el_memorioso.txt', 'la_biblioteca_de_babel.txt']",30
lituano,1,['la_biblioteca_de_babel.txt'],30
niegan,1,['la_biblioteca_de_babel.txt'],30
diezmado,1,['la_biblioteca_de_babel.txt'],33
iluminada,1,['la_biblioteca_de_babel.txt'],34
arcano,1,['la_biblioteca_de_babel.txt'],34
expresar,1,['la_biblioteca_de_babel.txt'],36
solución,1,['la_biblioteca_de_babel.txt'],36
felicidad,2,"['funes_el_memorioso.txt', 'la_biblioteca_de_babel.txt']",37
veremo,1,['la_biblioteca_de_babel.txt'],38
enigmático,1,['la_biblioteca_de_babel.txt'],38
precioso,1,['la_biblioteca_de_babel.txt'],40
corresponden,1,['la_biblioteca_de_babel.txt'],40
faltarán,1,['la_biblioteca_de_babel.txt'],41
humanidad,1,['la_biblioteca_de_babel.txt'],41
ochenta,2,"['funes_el_memorioso.txt', 'la_biblioteca_de_babel.txt']",42
frenesí,1,['la_biblioteca_de_babel.txt'],42
acto,1,['la_biblioteca_de_babel.txt'],43
relación,1,['la_biblioteca_de_babel.txt'],43
hexagonal,1,['la_biblioteca_de_babel.txt'],43
piadosa,1,['la_biblioteca_de_babel.txt'],43
correspond,1,['la_biblioteca_de_babel.txt'],43
repetición,2,"['evangelio_segun_marcos.txt', 'la_biblioteca_de_babel.txt']",44
digo,1,['la_biblioteca_de_babel.txt'],45
exist,2,"['funes_el_memorioso.txt', 'la_biblioteca_de_babel.txt']",47
recorrido,1,['la_biblioteca_de_babel.txt'],47
mile,1,['la_biblioteca_de_babel.txt'],47
final,2,"['evangelio_segun_marcos.txt', 'la_biblioteca_de_babel.txt']",48
examinado,1,['la_biblioteca_de_babel.txt'],48
corren,1,['la_biblioteca_de_babel.txt'],49
idioma,2,"['funes_el_memorioso.txt', 'la_biblioteca_de_babel.txt']",49
persona,1,['la_biblioteca_de_babel.txt'],50
imperfecto,1,['la_biblioteca_de_babel.txt'],50
delicada,1,['la_biblioteca_de_babel.txt'],51
verdadero,1,['la_biblioteca_de_babel.txt'],52
quiniento,2,"['funes_el_memorioso.txt', 'la_biblioteca_de_babel.txt']",52
fastidio,1,['la_biblioteca_de_babel.txt'],53
anaquel,1,['la_biblioteca_de_babel.txt'],53
demostración,1,['la_biblioteca_de_babel.txt'],54
uniform,1,['la_biblioteca_de_babel.txt'],54
perdur,1,['la_biblioteca_de_babel.txt'],54
encerraba,1,['la_biblioteca_de_babel.txt'],55
titula,1,['la_biblioteca_de_babel.txt'],55
infinita,1,['la_biblioteca_de_babel.txt'],56
aunqu,3,"['evangelio_segun_marcos.txt', 'funes_el_memorioso.txt', 'la_biblioteca_de_babel.txt']",56
denuncian,1,['la_biblioteca_de_babel.txt'],57
buscarlo,1,['la_biblioteca_de_babel.txt'],57
verosímil,1,['la_biblioteca_de_babel.txt'],58
caída,1,['la_biblioteca_de_babel.txt'],58
opinión,1,['la_biblioteca_de_babel.txt'],58
explicars,1,['la_biblioteca_de_babel.txt'],59
asaz,1,['la_biblioteca_de_babel.txt'],59
escribir,2,"['evangelio_segun_marcos.txt', 'la_biblioteca_de_babel.txt']",59
confirmado,1,['la_biblioteca_de_babel.txt'],60
consecuencia,1,['la_biblioteca_de_babel.txt'],60
posición,1,['la_biblioteca_de_babel.txt'],60
superior,1,['la_biblioteca_de_babel.txt'],61
imaginan,1,['la_biblioteca_de_babel.txt'],62
éxtasi,1,['la_biblioteca_de_babel.txt'],62
prosternan,1,['la_biblioteca_de_babel.txt'],62
así,1,['la_biblioteca_de_babel.txt'],63
atravesara,1,['la_biblioteca_de_babel.txt'],64
pensaron,1,['la_biblioteca_de_babel.txt'],66
peinado,1,['la_biblioteca_de_babel.txt'],66
descifrar,1,['la_biblioteca_de_babel.txt'],67
elocuent,1,['la_biblioteca_de_babel.txt'],67
ascético,1,['la_biblioteca_de_babel.txt'],67
orden,1,['la_biblioteca_de_babel.txt'],68
percibir,1,['la_biblioteca_de_babel.txt'],68
axaxaxa,1,['la_biblioteca_de_babel.txt'],68
libro,3,"['evangelio_segun_marcos.txt', 'funes_el_memorioso.txt', 'la_biblioteca_de_babel.txt']",68
ambulant,1,['la_biblioteca_de_babel.txt'],68
persisten,1,['la_biblioteca_de_babel.txt'],69
enorm,2,"['funes_el_memorioso.txt', 'la_biblioteca_de_babel.txt']",69
jóvene,1,['la_biblioteca_de_babel.txt'],69
capit,2,"['evangelio_segun_marcos.txt', 'la_biblioteca_de_babel.txt']",69
cercado,1,['la_biblioteca_de_babel.txt'],69
cuyo,1,['la_biblioteca_de_babel.txt'],70
interminablement,1,['la_biblioteca_de_babel.txt'],72
vejez,1,['la_biblioteca_de_babel.txt'],72
sabemo,2,"['funes_el_memorioso.txt', 'la_biblioteca_de_babel.txt']",75
mlo,1,['la_biblioteca_de_babel.txt'],76
mundo,2,"['funes_el_memorioso.txt', 'la_biblioteca_de_babel.txt']",77
filósofo,1,['la_biblioteca_de_babel.txt'],77
poca,2,"['evangelio_segun_marcos.txt', 'la_biblioteca_de_babel.txt']",77
infatig,3,"['evangelio_segun_marcos.txt', 'funes_el_memorioso.txt', 'la_biblioteca_de_babel.txt']",78
barajaran,1,['la_biblioteca_de_babel.txt'],78
llaman,1,['la_biblioteca_de_babel.txt'],79
autobiografía,1,['la_biblioteca_de_babel.txt'],79
espir,1,['la_biblioteca_de_babel.txt'],79
horror,1,['la_biblioteca_de_babel.txt'],80
punto,2,"['funes_el_memorioso.txt', 'la_biblioteca_de_babel.txt']",80
fatigaron,1,['la_biblioteca_de_babel.txt'],81
interpolacion,1,['la_biblioteca_de_babel.txt'],81
peregrino,1,['la_biblioteca_de_babel.txt'],81
cualquier,1,['la_biblioteca_de_babel.txt'],81
mostró,1,['la_biblioteca_de_babel.txt'],82
region,1,['la_biblioteca_de_babel.txt'],82
consultado,1,['la_biblioteca_de_babel.txt'],84
prohibido,1,['la_biblioteca_de_babel.txt'],84
depresión,1,['la_biblioteca_de_babel.txt'],85
toda,3,"['evangelio_segun_marcos.txt', 'funes_el_memorioso.txt', 'la_biblioteca_de_babel.txt']",86
clásico,1,['la_biblioteca_de_babel.txt'],86
desorden,1,['la_biblioteca_de_babel.txt'],86
superstición,1,['la_biblioteca_de_babel.txt'],86
porvenir,1,['la_biblioteca_de_babel.txt'],87
dictamen,1,['la_biblioteca_de_babel.txt'],87
fruta,1,['la_biblioteca_de_babel.txt'],88
misterio,1,['la_biblioteca_de_babel.txt'],88
algún,2,"['evangelio_segun_marcos.txt', 'la_biblioteca_de_babel.txt']",88
veint,1,['la_biblioteca_de_babel.txt'],88
tesi,1,['la_biblioteca_de_babel.txt'],89
nocion,1,['la_biblioteca_de_babel.txt'],90
entero,2,"['funes_el_memorioso.txt', 'la_biblioteca_de_babel.txt']",91
mencionado,1,['la_biblioteca_de_babel.txt'],91
gran,2,"['evangelio_segun_marcos.txt', 'la_biblioteca_de_babel.txt']",92
cometida,1,['la_biblioteca_de_babel.txt'],92
catálogo,2,"['funes_el_memorioso.txt', 'la_biblioteca_de_babel.txt']",94
bruñida,1,['la_biblioteca_de_babel.txt'],94
inútil,2,"['funes_el_memorioso.txt', 'la_biblioteca_de_babel.txt']",94
inform,1,['la_biblioteca_de_babel.txt'],95
idéntica,1,['la_biblioteca_de_babel.txt'],95
descubrir,1,['la_biblioteca_de_babel.txt'],95
método,1,['la_biblioteca_de_babel.txt'],96
reducción,1,['la_biblioteca_de_babel.txt'],98
calambr,1,['la_biblioteca_de_babel.txt'],98
b,1,['la_biblioteca_de_babel.txt'],98
satisfactoriament,1,['la_biblioteca_de_babel.txt'],99
cacofonía,1,['la_biblioteca_de_babel.txt'],99
cuarenta,2,"['evangelio_segun_marcos.txt', 'la_biblioteca_de_babel.txt']",99
inevitablement,1,['la_biblioteca_de_babel.txt'],99
c,1,['la_biblioteca_de_babel.txt'],99
temor,2,"['funes_el_memorioso.txt', 'la_biblioteca_de_babel.txt']",99
visiblement,1,['la_biblioteca_de_babel.txt'],102
diverso,2,"['funes_el_memorioso.txt', 'la_biblioteca_de_babel.txt']",102
hacia,3,"['evangelio_segun_marcos.txt', 'funes_el_memorioso.txt', 'la_biblioteca_de_babel.txt']",102
laberinto,1,['la_biblioteca_de_babel.txt'],102
indiqu,1,['la_biblioteca_de_babel.txt'],104
coherencia,1,['la_biblioteca_de_babel.txt'],105
pan,1,['la_biblioteca_de_babel.txt'],105
proced,1,['la_biblioteca_de_babel.txt'],105
centenar,1,['la_biblioteca_de_babel.txt'],106
encuentr,1,['la_biblioteca_de_babel.txt'],106
pared,1,['la_biblioteca_de_babel.txt'],106
pudo,2,"['funes_el_memorioso.txt', 'la_biblioteca_de_babel.txt']",106
prodigioso,1,['la_biblioteca_de_babel.txt'],107
rudo,1,['la_biblioteca_de_babel.txt'],108
volúmen,2,"['funes_el_memorioso.txt', 'la_biblioteca_de_babel.txt']",109
vindicacion,1,['la_biblioteca_de_babel.txt'],109
tan,2,"['funes_el_memorioso.txt', 'la_biblioteca_de_babel.txt']",109
despeñado,1,['la_biblioteca_de_babel.txt'],110
terribl,1,['la_biblioteca_de_babel.txt'],110
hombr,3,"['evangelio_segun_marcos.txt', 'funes_el_memorioso.txt', 'la_biblioteca_de_babel.txt']",110
n,1,['la_biblioteca_de_babel.txt'],110
ley,1,['la_biblioteca_de_babel.txt'],110
proferían,1,['la_biblioteca_de_babel.txt'],110
inconceb,1,['la_biblioteca_de_babel.txt'],111
sugirió,1,['la_biblioteca_de_babel.txt'],112
exista,1,['la_biblioteca_de_babel.txt'],112
hoja,2,"['funes_el_memorioso.txt', 'la_biblioteca_de_babel.txt']",114
realment,1,['la_biblioteca_de_babel.txt'],114
demá,1,['la_biblioteca_de_babel.txt'],115
palabra,3,"['evangelio_segun_marcos.txt', 'funes_el_memorioso.txt', 'la_biblioteca_de_babel.txt']",115
funcionario,1,['la_biblioteca_de_babel.txt'],115
omnipotent,1,['la_biblioteca_de_babel.txt'],115
sentado,1,['la_biblioteca_de_babel.txt'],116
metódica,1,['la_biblioteca_de_babel.txt'],116
nombr,3,"['evangelio_segun_marcos.txt', 'funes_el_memorioso.txt', 'la_biblioteca_de_babel.txt']",116
prometen,1,['la_biblioteca_de_babel.txt'],118
ilógico,1,['la_biblioteca_de_babel.txt'],118
incoherencia,1,['la_biblioteca_de_babel.txt'],118
treinta,3,"['evangelio_segun_marcos.txt', 'funes_el_memorioso.txt', 'la_biblioteca_de_babel.txt']",119
ningún,1,['la_biblioteca_de_babel.txt'],120
verdad,1,['la_biblioteca_de_babel.txt'],120
elemento,2,"['funes_el_memorioso.txt', 'la_biblioteca_de_babel.txt']",121
sueño,3,"['evangelio_segun_marcos.txt', 'funes_el_memorioso.txt', 'la_biblioteca_de_babel.txt']",121
intuición,1,['la_biblioteca_de_babel.txt'],122
nací,1,['la_biblioteca_de_babel.txt'],123
infierno,2,"['evangelio_segun_marcos.txt', 'la_biblioteca_de_babel.txt']",124
minuciosa,1,['la_biblioteca_de_babel.txt'],124
trágica,1,['la_biblioteca_de_babel.txt'],125
ment,1,['la_biblioteca_de_babel.txt'],126
sílaba,2,"['funes_el_memorioso.txt', 'la_biblioteca_de_babel.txt']",126
aquel,2,"['funes_el_memorioso.txt', 'la_biblioteca_de_babel.txt']",128
exhibían,1,['la_biblioteca_de_babel.txt'],128
figura,1,['la_biblioteca_de_babel.txt'],128
dispar,2,"['funes_el_memorioso.txt', 'la_biblioteca_de_babel.txt']",129
justificado,1,['la_biblioteca_de_babel.txt'],129
correspondían,1,['la_biblioteca_de_babel.txt'],129
articular,1,['la_biblioteca_de_babel.txt'],131
sé,2,"['funes_el_memorioso.txt', 'la_biblioteca_de_babel.txt']",132
gnóstico,1,['la_biblioteca_de_babel.txt'],132
criptográfica,1,['la_biblioteca_de_babel.txt'],132
largo,3,"['evangelio_segun_marcos.txt', 'funes_el_memorioso.txt', 'la_biblioteca_de_babel.txt']",133
cercano,1,['la_biblioteca_de_babel.txt'],133
do,3,"['evangelio_segun_marcos.txt', 'funes_el_memorioso.txt', 'la_biblioteca_de_babel.txt']",133
justificación,1,['la_biblioteca_de_babel.txt'],133
encontrar,1,['la_biblioteca_de_babel.txt'],134
buscador,1,['la_biblioteca_de_babel.txt'],135
furor,1,['la_biblioteca_de_babel.txt'],136
aceptada,1,['la_biblioteca_de_babel.txt'],137
ubicuo,1,['la_biblioteca_de_babel.txt'],137
creyeron,1,['la_biblioteca_de_babel.txt'],137
juventud,1,['la_biblioteca_de_babel.txt'],137
gener,2,"['funes_el_memorioso.txt', 'la_biblioteca_de_babel.txt']",137
llena,1,['la_biblioteca_de_babel.txt'],138
multiform,2,"['funes_el_memorioso.txt', 'la_biblioteca_de_babel.txt']",139
correcta,1,['la_biblioteca_de_babel.txt'],139
hospedaba,1,['la_biblioteca_de_babel.txt'],139
desesperada,1,['la_biblioteca_de_babel.txt'],139
caracter,1,['la_biblioteca_de_babel.txt'],141
epístola,1,['la_biblioteca_de_babel.txt'],141
saben,1,['la_biblioteca_de_babel.txt'],141
volumen,3,"['evangelio_segun_marcos.txt', 'funes_el_memorioso.txt', 'la_biblioteca_de_babel.txt']",142
angosto,1,['la_biblioteca_de_babel.txt'],143
disolverá,1,['la_biblioteca_de_babel.txt'],143
conquistar,1,['la_biblioteca_de_babel.txt'],143
nadi,3,"['evangelio_segun_marcos.txt', 'funes_el_memorioso.txt', 'la_biblioteca_de_babel.txt']",144
incomprens,1,['la_biblioteca_de_babel.txt'],144
promulgar,1,['la_biblioteca_de_babel.txt'],145
infinitesim,1,['la_biblioteca_de_babel.txt'],145
galería,2,"['evangelio_segun_marcos.txt', 'la_biblioteca_de_babel.txt']",147
muert,2,"['funes_el_memorioso.txt', 'la_biblioteca_de_babel.txt']",147
circular,1,['la_biblioteca_de_babel.txt'],147
elegant,1,['la_biblioteca_de_babel.txt'],148
garabatea,1,['la_biblioteca_de_babel.txt'],148
revela,1,['la_biblioteca_de_babel.txt'],149
enloquecieron,1,['la_biblioteca_de_babel.txt'],149
viento,3,"['evangelio_segun_marcos.txt', 'funes_el_memorioso.txt', 'la_biblioteca_de_babel.txt']",149
noticia,2,"['funes_el_memorioso.txt', 'la_biblioteca_de_babel.txt']",149
tener,1,['la_biblioteca_de_babel.txt'],150
invari,1,['la_biblioteca_de_babel.txt'],151
inalter,1,['la_biblioteca_de_babel.txt'],151
aniquilado,1,['la_biblioteca_de_babel.txt'],151
ruego,1,['la_biblioteca_de_babel.txt'],152
abandonaron,1,['la_biblioteca_de_babel.txt'],153
peldaño,1,['la_biblioteca_de_babel.txt'],154
hablamo,1,['la_biblioteca_de_babel.txt'],154
llegan,1,['la_biblioteca_de_babel.txt'],155
obligada,1,['la_biblioteca_de_babel.txt'],157
combinacion,1,['la_biblioteca_de_babel.txt'],158
comput,1,['la_biblioteca_de_babel.txt'],158
superfici,1,['la_biblioteca_de_babel.txt'],160
urgía,1,['la_biblioteca_de_babel.txt'],162
espacio,1,['la_biblioteca_de_babel.txt'],162
ojo,2,"['funes_el_memorioso.txt', 'la_biblioteca_de_babel.txt']",162
subsiguient,1,['la_biblioteca_de_babel.txt'],162
primero,2,"['evangelio_segun_marcos.txt', 'la_biblioteca_de_babel.txt']",162
vieron,1,['la_biblioteca_de_babel.txt'],163
hojeaban,1,['la_biblioteca_de_babel.txt'],164
excepción,1,['la_biblioteca_de_babel.txt'],164
color,2,"['funes_el_memorioso.txt', 'la_biblioteca_de_babel.txt']",165
lanzaron,1,['la_biblioteca_de_babel.txt'],165
ex,1,['la_biblioteca_de_babel.txt'],165
peregrinacion,1,['la_biblioteca_de_babel.txt'],166
mano,2,"['funes_el_memorioso.txt', 'la_biblioteca_de_babel.txt']",167
oficial,1,['la_biblioteca_de_babel.txt'],167
ilustrado,1,['la_biblioteca_de_babel.txt'],167
imaginaria,1,['la_biblioteca_de_babel.txt'],168
función,1,['la_biblioteca_de_babel.txt'],170
veintidó,1,['la_biblioteca_de_babel.txt'],170
hecho,3,"['evangelio_segun_marcos.txt', 'funes_el_memorioso.txt', 'la_biblioteca_de_babel.txt']",171
desaforada,1,['la_biblioteca_de_babel.txt'],172
piso,2,"['evangelio_segun_marcos.txt', 'la_biblioteca_de_babel.txt']",173
veinticinco,1,['la_biblioteca_de_babel.txt'],173
dabl,1,['la_biblioteca_de_babel.txt'],173
vestigio,1,['la_biblioteca_de_babel.txt'],174
dedujo,1,['la_biblioteca_de_babel.txt'],175
fin,2,"['evangelio_segun_marcos.txt', 'la_biblioteca_de_babel.txt']",175
oh,1,['la_biblioteca_de_babel.txt'],175
purificador,1,['la_biblioteca_de_babel.txt'],176
vano,1,['la_biblioteca_de_babel.txt'],176
propuso,2,"['evangelio_segun_marcos.txt', 'la_biblioteca_de_babel.txt']",176
inaudito,1,['la_biblioteca_de_babel.txt'],177
pura,1,['la_biblioteca_de_babel.txt'],178
duplicación,1,['la_biblioteca_de_babel.txt'],179
consumido,1,['la_biblioteca_de_babel.txt'],179
remedaban,1,['la_biblioteca_de_babel.txt'],179
inflexion,1,['la_biblioteca_de_babel.txt'],180
prefiero,2,"['funes_el_memorioso.txt', 'la_biblioteca_de_babel.txt']",180
seri,3,"['evangelio_segun_marcos.txt', 'funes_el_memorioso.txt', 'la_biblioteca_de_babel.txt']",181
barbari,1,['la_biblioteca_de_babel.txt'],181
debe,1,['la_biblioteca_de_babel.txt'],182
tapa,2,"['evangelio_segun_marcos.txt', 'la_biblioteca_de_babel.txt']",182
trueno,2,"['evangelio_segun_marcos.txt', 'la_biblioteca_de_babel.txt']",183
esfera,1,['la_biblioteca_de_babel.txt'],184
pirámid,2,"['funes_el_memorioso.txt', 'la_biblioteca_de_babel.txt']",184
estrangulaban,1,['la_biblioteca_de_babel.txt'],185
número,2,"['funes_el_memorioso.txt', 'la_biblioteca_de_babel.txt']",185
universalment,1,['la_biblioteca_de_babel.txt'],185
air,3,"['evangelio_segun_marcos.txt', 'funes_el_memorioso.txt', 'la_biblioteca_de_babel.txt']",186
alguna,2,"['funes_el_memorioso.txt', 'la_biblioteca_de_babel.txt']",186
coma,1,['la_biblioteca_de_babel.txt'],186
encierren,1,['la_biblioteca_de_babel.txt'],187
absoluto,1,['la_biblioteca_de_babel.txt'],187
secreto,2,"['funes_el_memorioso.txt', 'la_biblioteca_de_babel.txt']",187
obra,2,"['funes_el_memorioso.txt', 'la_biblioteca_de_babel.txt']",188
fanático,1,['la_biblioteca_de_babel.txt'],189
posibl,1,['la_biblioteca_de_babel.txt'],189
cifra,2,"['funes_el_memorioso.txt', 'la_biblioteca_de_babel.txt']",189
sajon,1,['la_biblioteca_de_babel.txt'],189
razonaron,1,['la_biblioteca_de_babel.txt'],190
dudar,1,['la_biblioteca_de_babel.txt'],190
fárrago,1,['la_biblioteca_de_babel.txt'],192
divinidad,1,['la_biblioteca_de_babel.txt'],192
natur,3,"['evangelio_segun_marcos.txt', 'funes_el_memorioso.txt', 'la_biblioteca_de_babel.txt']",192
vastísimo,1,['la_biblioteca_de_babel.txt'],193
forma,2,"['funes_el_memorioso.txt', 'la_biblioteca_de_babel.txt']",193
distra,1,['la_biblioteca_de_babel.txt'],193
izquierda,1,['la_biblioteca_de_babel.txt'],194
haber,2,"['evangelio_segun_marcos.txt', 'la_biblioteca_de_babel.txt']",194
pentagon,1,['la_biblioteca_de_babel.txt'],194
infam,1,['la_biblioteca_de_babel.txt'],195
ventilación,1,['la_biblioteca_de_babel.txt'],196
antiguo,2,"['funes_el_memorioso.txt', 'la_biblioteca_de_babel.txt']",197
región,1,['la_biblioteca_de_babel.txt'],198
quinc,1,['la_biblioteca_de_babel.txt'],198
permitieron,1,['la_biblioteca_de_babel.txt'],198
circunferencia,2,"['funes_el_memorioso.txt', 'la_biblioteca_de_babel.txt']",199
disputaban,1,['la_biblioteca_de_babel.txt'],199
inferir,2,"['funes_el_memorioso.txt', 'la_biblioteca_de_babel.txt']",199
genio,1,['la_biblioteca_de_babel.txt'],200
normal,1,['la_biblioteca_de_babel.txt'],201
cubren,1,['la_biblioteca_de_babel.txt'],201
albur,1,['la_biblioteca_de_babel.txt'],202
biblioteca,1,['la_biblioteca_de_babel.txt'],202
mcv,1,['la_biblioteca_de_babel.txt'],206
dijeron,3,"['evangelio_segun_marcos.txt', 'funes_el_memorioso.txt', 'la_biblioteca_de_babel.txt']",207
fatigan,1,['la_biblioteca_de_babel.txt'],208
formato,1,['la_biblioteca_de_babel.txt'],208
perfecto,1,['la_biblioteca_de_babel.txt'],208
indefinido,1,['la_biblioteca_de_babel.txt'],209
exced,1,['la_biblioteca_de_babel.txt'],209
inverosímil,2,"['funes_el_memorioso.txt', 'la_biblioteca_de_babel.txt']",209
hablar,1,['la_biblioteca_de_babel.txt'],210
hablan,1,['la_biblioteca_de_babel.txt'],210
guardaban,1,['la_biblioteca_de_babel.txt'],211
anula,1,['la_biblioteca_de_babel.txt'],211
refutación,1,['la_biblioteca_de_babel.txt'],212
análogo,2,"['funes_el_memorioso.txt', 'la_biblioteca_de_babel.txt']",213
sola,3,"['evangelio_segun_marcos.txt', 'funes_el_memorioso.txt', 'la_biblioteca_de_babel.txt']",213
ahí,1,['la_biblioteca_de_babel.txt'],214
inacces,1,['la_biblioteca_de_babel.txt'],214
solitaria,1,['la_biblioteca_de_babel.txt'],216
perversament,1,['la_biblioteca_de_babel.txt'],216
tresciento,1,['la_biblioteca_de_babel.txt'],216
efecto,3,"['evangelio_segun_marcos.txt', 'funes_el_memorioso.txt', 'la_biblioteca_de_babel.txt']",216
prefiguran,1,['la_biblioteca_de_babel.txt'],217
alguno,1,['la_biblioteca_de_babel.txt'],218
aeterno,1,['la_biblioteca_de_babel.txt'],218
una,2,"['evangelio_segun_marcos.txt', 'la_biblioteca_de_babel.txt']",218
encierra,1,['la_biblioteca_de_babel.txt'],219
incluy,1,['la_biblioteca_de_babel.txt'],222
ninguna,1,['la_biblioteca_de_babel.txt'],222
menor,2,"['funes_el_memorioso.txt', 'la_biblioteca_de_babel.txt']",223
rumbo,1,['la_biblioteca_de_babel.txt'],223
línea,2,"['funes_el_memorioso.txt', 'la_biblioteca_de_babel.txt']",223
poderoso,1,['la_biblioteca_de_babel.txt'],223
símbolo,2,"['funes_el_memorioso.txt', 'la_biblioteca_de_babel.txt']",223
existir,1,['la_biblioteca_de_babel.txt'],224
niñez,2,"['funes_el_memorioso.txt', 'la_biblioteca_de_babel.txt']",225
redactada,1,['la_biblioteca_de_babel.txt'],225
ahora,3,"['evangelio_segun_marcos.txt', 'funes_el_memorioso.txt', 'la_biblioteca_de_babel.txt']",225
lee,1,['la_biblioteca_de_babel.txt'],226
eterno,2,"['funes_el_memorioso.txt', 'la_biblioteca_de_babel.txt']",227
segundo,3,"['evangelio_segun_marcos.txt', 'funes_el_memorioso.txt', 'la_biblioteca_de_babel.txt']",227
vindicaban,1,['la_biblioteca_de_babel.txt'],227
descifrador,1,['la_biblioteca_de_babel.txt'],228
descifrado,1,['la_biblioteca_de_babel.txt'],228
oscura,2,"['funes_el_memorioso.txt', 'la_biblioteca_de_babel.txt']",229
cada,2,"['funes_el_memorioso.txt', 'la_biblioteca_de_babel.txt']",229
dotación,1,['la_biblioteca_de_babel.txt'],229
refieren,1,['la_biblioteca_de_babel.txt'],230
credencial,1,['la_biblioteca_de_babel.txt'],230
inconexión,1,['la_biblioteca_de_babel.txt'],230
mundial,1,['la_biblioteca_de_babel.txt'],232
recordaban,1,['la_biblioteca_de_babel.txt'],233
única,2,"['funes_el_memorioso.txt', 'la_biblioteca_de_babel.txt']",233
básteme,1,['la_biblioteca_de_babel.txt'],233
página,2,"['evangelio_segun_marcos.txt', 'la_biblioteca_de_babel.txt']",234
cuerpo,1,['la_biblioteca_de_babel.txt'],234
impresión,2,"['funes_el_memorioso.txt', 'la_biblioteca_de_babel.txt']",234
derecha,1,['la_biblioteca_de_babel.txt'],234
árabe,1,['la_biblioteca_de_babel.txt'],235
impenetr,1,['la_biblioteca_de_babel.txt'],236
misteriosa,1,['la_biblioteca_de_babel.txt'],236
supersticiosa,1,['la_biblioteca_de_babel.txt'],236
repetir,2,"['funes_el_memorioso.txt', 'la_biblioteca_de_babel.txt']",237
prodigado,1,['la_biblioteca_de_babel.txt'],237
proyeccion,1,['la_biblioteca_de_babel.txt'],237
historia,3,"['evangelio_segun_marcos.txt', 'funes_el_memorioso.txt', 'la_biblioteca_de_babel.txt']",237
perdición,1,['la_biblioteca_de_babel.txt'],237
fondo,3,"['evangelio_segun_marcos.txt', 'funes_el_memorioso.txt', 'la_biblioteca_de_babel.txt']",238
repetido,2,"['evangelio_segun_marcos.txt', 'la_biblioteca_de_babel.txt']",238
primordi,1,['la_biblioteca_de_babel.txt'],238
depredacion,1,['la_biblioteca_de_babel.txt'],238
inconcebiblement,1,['la_biblioteca_de_babel.txt'],239
significan,1,['la_biblioteca_de_babel.txt'],239
basta,1,['la_biblioteca_de_babel.txt'],239
posibilidad,2,"['funes_el_memorioso.txt', 'la_biblioteca_de_babel.txt']",240
cosa,3,"['evangelio_segun_marcos.txt', 'funes_el_memorioso.txt', 'la_biblioteca_de_babel.txt']",240
escrito,3,"['evangelio_segun_marcos.txt', 'funes_el_memorioso.txt', 'la_biblioteca_de_babel.txt']",241
muerto,3,"['evangelio_segun_marcos.txt', 'funes_el_memorioso.txt', 'la_biblioteca_de_babel.txt']",244
comentario,2,"['funes_el_memorioso.txt', 'la_biblioteca_de_babel.txt']",245
bajísima,1,['la_biblioteca_de_babel.txt'],246
permiten,1,['la_biblioteca_de_babel.txt'],248
olvidan,1,['la_biblioteca_de_babel.txt'],249
necesaria,1,['la_biblioteca_de_babel.txt'],249
mágico,1,['la_biblioteca_de_babel.txt'],250
tesoro,1,['la_biblioteca_de_babel.txt'],250
imitaron,1,['la_biblioteca_de_babel.txt'],251
comparar,1,['la_biblioteca_de_babel.txt'],251
sino,3,"['evangelio_segun_marcos.txt', 'funes_el_memorioso.txt', 'la_biblioteca_de_babel.txt']",253
negro,2,"['funes_el_memorioso.txt', 'la_biblioteca_de_babel.txt']",253
lugar,3,"['evangelio_segun_marcos.txt', 'funes_el_memorioso.txt', 'la_biblioteca_de_babel.txt']",253
letrina,1,['la_biblioteca_de_babel.txt'],255
conjetura,1,['la_biblioteca_de_babel.txt'],255
palabrera,1,['la_biblioteca_de_babel.txt'],256
escritura,1,['la_biblioteca_de_babel.txt'],256
corredor,2,"['evangelio_segun_marcos.txt', 'la_biblioteca_de_babel.txt']",256
espejo,3,"['evangelio_segun_marcos.txt', 'funes_el_memorioso.txt', 'la_biblioteca_de_babel.txt']",256
natural,1,['la_biblioteca_de_babel.txt'],257
hundirá,1,['la_biblioteca_de_babel.txt'],259
higiénico,1,['la_biblioteca_de_babel.txt'],259
especi,2,"['funes_el_memorioso.txt', 'la_biblioteca_de_babel.txt']",259
vasta,1,['la_biblioteca_de_babel.txt'],259
hojean,1,['la_biblioteca_de_babel.txt'],259
lengua,1,['la_biblioteca_de_babel.txt'],260
esférica,1,['la_biblioteca_de_babel.txt'],260
soñar,1,['la_biblioteca_de_babel.txt'],262
metal,1,['la_biblioteca_de_babel.txt'],263
falaz,1,['la_biblioteca_de_babel.txt'],264
resulta,1,['la_biblioteca_de_babel.txt'],264
morían,1,['la_biblioteca_de_babel.txt'],264
codicioso,1,['la_biblioteca_de_babel.txt'],264
sabiduría,1,['la_biblioteca_de_babel.txt'],264
pareció,2,"['funes_el_memorioso.txt', 'la_biblioteca_de_babel.txt']",265
incont,1,['la_biblioteca_de_babel.txt'],265
afirman,1,['la_biblioteca_de_babel.txt'],268
yiddish,1,['la_biblioteca_de_babel.txt'],268
supon,1,['la_biblioteca_de_babel.txt'],269
luz,1,['la_biblioteca_de_babel.txt'],269
falacia,1,['la_biblioteca_de_babel.txt'],269
juzgan,1,['la_biblioteca_de_babel.txt'],269
constan,1,['la_biblioteca_de_babel.txt'],270
constaba,1,['la_biblioteca_de_babel.txt'],271
admiten,1,['la_biblioteca_de_babel.txt'],272
intermin,2,"['funes_el_memorioso.txt', 'la_biblioteca_de_babel.txt']",272
rememorar,2,"['funes_el_memorioso.txt', 'la_biblioteca_de_babel.txt']",272
arrojaban,1,['la_biblioteca_de_babel.txt'],272
órdene,2,"['evangelio_segun_marcos.txt', 'la_biblioteca_de_babel.txt']",273
alegó,1,['la_biblioteca_de_babel.txt'],274
aun,1,['la_biblioteca_de_babel.txt'],274
testimonio,2,"['funes_el_memorioso.txt', 'la_biblioteca_de_babel.txt']",275
engendrado,1,['la_biblioteca_de_babel.txt'],275
administro,1,['la_biblioteca_de_babel.txt'],276
fiel,1,['la_biblioteca_de_babel.txt'],276
afantasma,1,['la_biblioteca_de_babel.txt'],276
inmediato,2,"['funes_el_memorioso.txt', 'la_biblioteca_de_babel.txt']",276
inversament,1,['la_biblioteca_de_babel.txt'],278
milagrosa,1,['la_biblioteca_de_babel.txt'],279
condición,2,"['funes_el_memorioso.txt', 'la_biblioteca_de_babel.txt']",280
contenido,1,['la_biblioteca_de_babel.txt'],281
fielment,1,['la_biblioteca_de_babel.txt'],282
destruyó,1,['la_biblioteca_de_babel.txt'],283
rendido,1,['la_biblioteca_de_babel.txt'],283
dirán,1,['la_biblioteca_de_babel.txt'],286
requier,1,['la_biblioteca_de_babel.txt'],287
milla,1,['la_biblioteca_de_babel.txt'],287
siet,2,"['funes_el_memorioso.txt', 'la_biblioteca_de_babel.txt']",289
casual,1,['la_biblioteca_de_babel.txt'],289
diez,1,['la_biblioteca_de_babel.txt'],290
sospechoso,1,['la_biblioteca_de_babel.txt'],290
honor,1,['la_biblioteca_de_babel.txt'],290
hallazgo,2,"['evangelio_segun_marcos.txt', 'la_biblioteca_de_babel.txt']",290
insensata,1,['la_biblioteca_de_babel.txt'],292
da,1,['la_biblioteca_de_babel.txt'],293
falibl,1,['la_biblioteca_de_babel.txt'],296
perdido,2,"['evangelio_segun_marcos.txt', 'la_biblioteca_de_babel.txt']",297
siglo,3,"['evangelio_segun_marcos.txt', 'funes_el_memorioso.txt', 'la_biblioteca_de_babel.txt']",298
permit,1,['la_biblioteca_de_babel.txt'],299
pésimo,1,['la_biblioteca_de_babel.txt'],299
penúltima,1,['la_biblioteca_de_babel.txt'],300
cabal,1,['la_biblioteca_de_babel.txt'],301
transversal,1,['la_biblioteca_de_babel.txt'],301
minúsculo,1,['la_biblioteca_de_babel.txt'],302
vaga,2,"['evangelio_segun_marcos.txt', 'la_biblioteca_de_babel.txt']",303
absurdo,1,['la_biblioteca_de_babel.txt'],304
casi,3,"['evangelio_segun_marcos.txt', 'funes_el_memorioso.txt', 'la_biblioteca_de_babel.txt']",304
cuatrocienta,1,['la_biblioteca_de_babel.txt'],304
escribo,1,['la_biblioteca_de_babel.txt'],305
urgido,2,"['evangelio_segun_marcos.txt', 'la_biblioteca_de_babel.txt']",306
distrito,1,['la_biblioteca_de_babel.txt'],306
pensar,3,"['evangelio_segun_marcos.txt', 'funes_el_memorioso.txt', 'la_biblioteca_de_babel.txt']",307
usurpó,1,['la_biblioteca_de_babel.txt'],308
primera,2,"['evangelio_segun_marcos.txt', 'la_biblioteca_de_babel.txt']",308
ignorado,1,['la_biblioteca_de_babel.txt'],309
repiten,1,['la_biblioteca_de_babel.txt'],309
trémulo,1,['la_biblioteca_de_babel.txt'],310
único,1,['la_biblioteca_de_babel.txt'],311
humana,1,['la_biblioteca_de_babel.txt'],312
cíclico,1,['la_biblioteca_de_babel.txt'],312
satisfac,1,['la_biblioteca_de_babel.txt'],314
dhcmrlchtdj,1,['la_biblioteca_de_babel.txt'],315
parec,3,"['evangelio_segun_marcos.txt', 'funes_el_memorioso.txt', 'la_biblioteca_de_babel.txt']",317
interpolado,1,['la_biblioteca_de_babel.txt'],317
razonan,1,['la_biblioteca_de_babel.txt'],317
interior,1,['la_biblioteca_de_babel.txt'],318
usa,1,['la_biblioteca_de_babel.txt'],319
ignorancia,2,"['funes_el_memorioso.txt', 'la_biblioteca_de_babel.txt']",319
cielo,2,"['funes_el_memorioso.txt', 'la_biblioteca_de_babel.txt']",320
esperanza,2,"['funes_el_memorioso.txt', 'la_biblioteca_de_babel.txt']",321
discordia,1,['la_biblioteca_de_babel.txt'],322
idealista,1,['la_biblioteca_de_babel.txt'],324
dialect,1,['la_biblioteca_de_babel.txt'],324
conozco,1,['la_biblioteca_de_babel.txt'],325
renglon,1,['la_biblioteca_de_babel.txt'],325
descubriera,1,['la_biblioteca_de_babel.txt'],325
incorrupt,1,['la_biblioteca_de_babel.txt'],326
admit,1,['la_biblioteca_de_babel.txt'],327
tratado,1,['la_biblioteca_de_babel.txt'],329
deploran,1,['la_biblioteca_de_babel.txt'],333
costumbr,1,['la_biblioteca_de_babel.txt'],333
secreta,1,['la_biblioteca_de_babel.txt'],333
dimension,1,['la_biblioteca_de_babel.txt'],334
distancia,1,['la_biblioteca_de_babel.txt'],334
repudian,1,['la_biblioteca_de_babel.txt'],334
engañoso,1,['la_biblioteca_de_babel.txt'],335
degeneran,1,['la_biblioteca_de_babel.txt'],335
intacto,1,['la_biblioteca_de_babel.txt'],336
vasto,1,['la_biblioteca_de_babel.txt'],337
malévolo,1,['la_biblioteca_de_babel.txt'],337
improb,1,['la_biblioteca_de_babel.txt'],337
caótica,1,['la_biblioteca_de_babel.txt'],338
insinuaron,1,['la_biblioteca_de_babel.txt'],338
confunden,1,['la_biblioteca_de_babel.txt'],338
blasfema,1,['la_biblioteca_de_babel.txt'],339
prueban,1,['la_biblioteca_de_babel.txt'],339
vista,1,['la_biblioteca_de_babel.txt'],339
quizá,1,['la_biblioteca_de_babel.txt'],340
variación,2,"['evangelio_segun_marcos.txt', 'la_biblioteca_de_babel.txt']",340
cambiars,1,['la_biblioteca_de_babel.txt'],340
dirección,2,"['funes_el_memorioso.txt', 'la_biblioteca_de_babel.txt']",340
zona,1,['la_biblioteca_de_babel.txt'],340
habló,2,"['evangelio_segun_marcos.txt', 'la_biblioteca_de_babel.txt']",340
resumir,2,"['funes_el_memorioso.txt', 'la_biblioteca_de_babel.txt']",341
dios,1,['la_biblioteca_de_babel.txt'],341
quiero,1,['la_biblioteca_de_babel.txt'],341
hace,3,"['evangelio_segun_marcos.txt', 'funes_el_memorioso.txt', 'la_biblioteca_de_babel.txt']",341
total,2,"['funes_el_memorioso.txt', 'la_biblioteca_de_babel.txt']",342
inferior,1,['la_biblioteca_de_babel.txt'],342
valor,1,['la_biblioteca_de_babel.txt'],344
humano,1,['la_biblioteca_de_babel.txt'],344
axioma,1,['la_biblioteca_de_babel.txt'],345
veintitanto,1,['la_biblioteca_de_babel.txt'],345
falsa,2,"['evangelio_segun_marcos.txt', 'la_biblioteca_de_babel.txt']",345
venerado,1,['la_biblioteca_de_babel.txt'],346
misma,1,['la_biblioteca_de_babel.txt'],347
tercera,1,['la_biblioteca_de_babel.txt'],348
escribió,1,['la_biblioteca_de_babel.txt'],348
definen,1,['la_biblioteca_de_babel.txt'],351
disco,1,['la_biblioteca_de_babel.txt'],352
ilusoria,1,['la_biblioteca_de_babel.txt'],352
febril,1,['la_biblioteca_de_babel.txt'],352
espera,1,['la_biblioteca_de_babel.txt'],352
basilid,1,['la_biblioteca_de_babel.txt'],352
origen,1,['la_biblioteca_de_babel.txt'],354
descifró,1,['la_biblioteca_de_babel.txt'],355
insinuar,1,['la_biblioteca_de_babel.txt'],355
básico,1,['la_biblioteca_de_babel.txt'],355
viejo,1,['la_biblioteca_de_babel.txt'],355
permitió,1,['la_biblioteca_de_babel.txt'],357
negligen,1,['la_biblioteca_de_babel.txt'],357
recta,1,['la_biblioteca_de_babel.txt'],359
secta,1,['la_biblioteca_de_babel.txt'],360
orgánica,1,['la_biblioteca_de_babel.txt'],360
eliminar,1,['la_biblioteca_de_babel.txt'],361
establecers,1,['la_biblioteca_de_babel.txt'],365
baranda,1,['la_biblioteca_de_babel.txt'],365
alegórica,1,['la_biblioteca_de_babel.txt'],365
dulc,1,['la_biblioteca_de_babel.txt'],366
repetida,1,['la_biblioteca_de_babel.txt'],366
muro,1,['la_biblioteca_de_babel.txt'],367
proposicion,1,['la_biblioteca_de_babel.txt'],367
arguyen,1,['la_biblioteca_de_babel.txt'],367
notorio,1,['la_biblioteca_de_babel.txt'],368
usaban,1,['la_biblioteca_de_babel.txt'],368
periódica,1,['la_biblioteca_de_babel.txt'],368
hypothesi,1,['la_biblioteca_de_babel.txt'],369
grave,1,['la_biblioteca_de_babel.txt'],369
siempr,3,"['evangelio_segun_marcos.txt', 'funes_el_memorioso.txt', 'la_biblioteca_de_babel.txt']",370
sala,1,['la_biblioteca_de_babel.txt'],373
seguro,1,['la_biblioteca_de_babel.txt'],373
letra,3,"['evangelio_segun_marcos.txt', 'funes_el_memorioso.txt', 'la_biblioteca_de_babel.txt']",374
equiparan,1,['la_biblioteca_de_babel.txt'],374
vez,3,"['evangelio_segun_marcos.txt', 'funes_el_memorioso.txt', 'la_biblioteca_de_babel.txt']",375
busca,2,"['evangelio_segun_marcos.txt', 'la_biblioteca_de_babel.txt']",376
capac,1,['la_biblioteca_de_babel.txt'],376
mitología,1,['la_biblioteca_de_babel.txt'],377
inquisidor,1,['la_biblioteca_de_babel.txt'],377
razon,2,"['evangelio_segun_marcos.txt', 'la_biblioteca_de_babel.txt']",380
estructura,1,['la_biblioteca_de_babel.txt'],382
señor,3,"['evangelio_segun_marcos.txt', 'funes_el_memorioso.txt', 'la_biblioteca_de_babel.txt']",382
cuatro,3,"['evangelio_segun_marcos.txt', 'funes_el_memorioso.txt', 'la_biblioteca_de_babel.txt']",382
yeso,1,['la_biblioteca_de_babel.txt'],382
delirio,1,['la_biblioteca_de_babel.txt'],382
delira,1,['la_biblioteca_de_babel.txt'],383
padr,3,"['evangelio_segun_marcos.txt', 'funes_el_memorioso.txt', 'la_biblioteca_de_babel.txt']",385
remota,2,"['funes_el_memorioso.txt', 'la_biblioteca_de_babel.txt']",386
postulan,1,['la_biblioteca_de_babel.txt'],386
eleva,1,['la_biblioteca_de_babel.txt'],387
lomo,1,['la_biblioteca_de_babel.txt'],387
zaguán,1,['la_biblioteca_de_babel.txt'],388
inmóvil,2,"['funes_el_memorioso.txt', 'la_biblioteca_de_babel.txt']",388
si,3,"['evangelio_segun_marcos.txt', 'funes_el_memorioso.txt', 'la_biblioteca_de_babel.txt']",388
lenguaj,1,['la_biblioteca_de_babel.txt'],388
epidemia,1,['la_biblioteca_de_babel.txt'],390
pued,1,['la_biblioteca_de_babel.txt'],390
cuya,2,"['evangelio_segun_marcos.txt', 'la_biblioteca_de_babel.txt']",390
definición,1,['la_biblioteca_de_babel.txt'],390
soledad,1,['la_biblioteca_de_babel.txt'],390
justifiqu,1,['la_biblioteca_de_babel.txt'],390
besan,1,['la_biblioteca_de_babel.txt'],391
ven,1,['la_biblioteca_de_babel.txt'],391
registran,1,['la_biblioteca_de_babel.txt'],391
verbal,1,['la_biblioteca_de_babel.txt'],392
producido,1,['la_biblioteca_de_babel.txt'],393
cesaran,1,['la_biblioteca_de_babel.txt'],393
último,2,"['evangelio_segun_marcos.txt', 'la_biblioteca_de_babel.txt']",393
acaso,3,"['evangelio_segun_marcos.txt', 'funes_el_memorioso.txt', 'la_biblioteca_de_babel.txt']",395
construir,2,"['evangelio_segun_marcos.txt', 'la_biblioteca_de_babel.txt']",395
insuficient,1,['la_biblioteca_de_babel.txt'],395
tomo,2,"['funes_el_memorioso.txt', 'la_biblioteca_de_babel.txt']",395
jefe,1,['la_biblioteca_de_babel.txt'],396
dorso,1,['la_biblioteca_de_babel.txt'],397
portugué,2,"['funes_el_memorioso.txt', 'la_biblioteca_de_babel.txt']",397
estrecho,1,['la_biblioteca_de_babel.txt'],397
ilimitada,2,"['evangelio_segun_marcos.txt', 'la_biblioteca_de_babel.txt']",398
existiera,1,['la_biblioteca_de_babel.txt'],398
sintieron,1,['la_biblioteca_de_babel.txt'],399
previament,1,['la_biblioteca_de_babel.txt'],401
año,3,"['evangelio_segun_marcos.txt', 'funes_el_memorioso.txt', 'la_biblioteca_de_babel.txt']",401
person,1,['la_biblioteca_de_babel.txt'],401
peregrinado,1,['la_biblioteca_de_babel.txt'],402
peregrinaron,1,['la_biblioteca_de_babel.txt'],402
incurrir,2,"['funes_el_memorioso.txt', 'la_biblioteca_de_babel.txt']",402
desempeño,1,['la_biblioteca_de_babel.txt'],403
tiempo,3,"['evangelio_segun_marcos.txt', 'funes_el_memorioso.txt', 'la_biblioteca_de_babel.txt']",404
escalera,1,['la_biblioteca_de_babel.txt'],404
pretérita,2,"['funes_el_memorioso.txt', 'la_biblioteca_de_babel.txt']",404
ser,2,"['funes_el_memorioso.txt', 'la_biblioteca_de_babel.txt']",404
vindicación,1,['la_biblioteca_de_babel.txt'],405
solo,2,"['funes_el_memorioso.txt', 'la_biblioteca_de_babel.txt']",405
colorario,1,['la_biblioteca_de_babel.txt'],406
71,1,['la_biblioteca_de_babel.txt'],408
ejemplar,2,"['evangelio_segun_marcos.txt', 'la_biblioteca_de_babel.txt']",408
retórica,1,['la_biblioteca_de_babel.txt'],409
comprobación,1,['la_biblioteca_de_babel.txt'],410
descubrimiento,1,['la_biblioteca_de_babel.txt'],411
sepultura,1,['la_biblioteca_de_babel.txt'],411
armada,1,['la_biblioteca_de_babel.txt'],412
combinatorio,1,['la_biblioteca_de_babel.txt'],412
babel,1,['la_biblioteca_de_babel.txt'],412
renglón,1,['la_biblioteca_de_babel.txt'],413
pasa,1,['la_biblioteca_de_babel.txt'],413
duda,3,"['evangelio_segun_marcos.txt', 'funes_el_memorioso.txt', 'la_biblioteca_de_babel.txt']",414
tiren,1,['la_biblioteca_de_babel.txt'],414
duplica,1,['la_biblioteca_de_babel.txt'],416
análisi,2,"['funes_el_memorioso.txt', 'la_biblioteca_de_babel.txt']",417
visto,2,"['funes_el_memorioso.txt', 'la_biblioteca_de_babel.txt']",417
dice,1,['la_biblioteca_de_babel.txt'],417
indican,1,['la_biblioteca_de_babel.txt'],418
remoto,2,"['funes_el_memorioso.txt', 'la_biblioteca_de_babel.txt']",418
entonc,3,"['evangelio_segun_marcos.txt', 'funes_el_memorioso.txt', 'la_biblioteca_de_babel.txt']",419
naturaleza,1,['la_biblioteca_de_babel.txt'],419
previsto,1,['la_biblioteca_de_babel.txt'],420
circuito,1,['la_biblioteca_de_babel.txt'],420
lámpara,1,['la_biblioteca_de_babel.txt'],420
inventor,2,"['funes_el_memorioso.txt', 'la_biblioteca_de_babel.txt']",421
excesiva,1,['la_biblioteca_de_babel.txt'],422
corromperá,1,['la_biblioteca_de_babel.txt'],422
dormir,2,"['funes_el_memorioso.txt', 'la_biblioteca_de_babel.txt']",423
desemboca,1,['la_biblioteca_de_babel.txt'],423
puedan,1,['la_biblioteca_de_babel.txt'],423
diferent,1,['la_biblioteca_de_babel.txt'],423
falso,1,['la_biblioteca_de_babel.txt'],423
regresivo,1,['la_biblioteca_de_babel.txt'],424
viajado,1,['la_biblioteca_de_babel.txt'],424
compon,1,['la_biblioteca_de_babel.txt'],424
igual,2,"['evangelio_segun_marcos.txt', 'la_biblioteca_de_babel.txt']",424
leído,2,"['evangelio_segun_marcos.txt', 'la_biblioteca_de_babel.txt']",425
mismo,3,"['evangelio_segun_marcos.txt', 'funes_el_memorioso.txt', 'la_biblioteca_de_babel.txt']",425
desapareció,1,['la_biblioteca_de_babel.txt'],426
teoría,1,['la_biblioteca_de_babel.txt'],426
canónico,1,['la_biblioteca_de_babel.txt'],426
maldicion,1,['la_biblioteca_de_babel.txt'],426
toman,1,['la_biblioteca_de_babel.txt'],427
abarcaba,1,['la_biblioteca_de_babel.txt'],427
hexágono,1,['la_biblioteca_de_babel.txt'],427
cinco,2,"['funes_el_memorioso.txt', 'la_biblioteca_de_babel.txt']",428
afirmo,1,['la_biblioteca_de_babel.txt'],428
borg,3,"['evangelio_segun_marcos.txt', 'funes_el_memorioso.txt', 'la_biblioteca_de_babel.txt']",428
sabe,1,['la_biblioteca_de_babel.txt'],429
azaroso,1,['la_biblioteca_de_babel.txt'],429
rudimentario,1,['la_biblioteca_de_babel.txt'],429
autoridad,2,"['evangelio_segun_marcos.txt', 'la_biblioteca_de_babel.txt']",429
millon,1,['la_biblioteca_de_babel.txt'],429
lado,2,"['evangelio_segun_marcos.txt', 'la_biblioteca_de_babel.txt']",430
sospecho,2,"['funes_el_memorioso.txt', 'la_biblioteca_de_babel.txt']",430
futura,1,['la_biblioteca_de_babel.txt'],433
sostienen,1,['la_biblioteca_de_babel.txt'],434
ésa,2,"['funes_el_memorioso.txt', 'la_biblioteca_de_babel.txt']",435
combinar,1,['la_biblioteca_de_babel.txt'],435
consultar,2,"['funes_el_memorioso.txt', 'la_biblioteca_de_babel.txt']",435
universo,1,['la_biblioteca_de_babel.txt'],435
jorg,3,"['evangelio_segun_marcos.txt', 'funes_el_memorioso.txt', 'la_biblioteca_de_babel.txt']",436
variacion,2,"['evangelio_segun_marcos.txt', 'la_biblioteca_de_babel.txt']",436
alfabeto,1,['la_biblioteca_de_babel.txt'],436
eternidad,1,['la_biblioteca_de_babel.txt'],436
puedo,1,['la_biblioteca_de_babel.txt'],437
simétrica,1,['la_biblioteca_de_babel.txt'],437
apología,1,['la_biblioteca_de_babel.txt'],438
severa,1,['la_biblioteca_de_babel.txt'],438
azar,2,"['evangelio_segun_marcos.txt', 'la_biblioteca_de_babel.txt']",438
humild,1,['la_biblioteca_de_babel.txt'],439
present,2,"['funes_el_memorioso.txt', 'la_biblioteca_de_babel.txt']",439
guaraní,1,['la_biblioteca_de_babel.txt'],439
resolv,1,['la_biblioteca_de_babel.txt'],439
perdurará,1,['la_biblioteca_de_babel.txt'],440
buscar,1,['la_biblioteca_de_babel.txt'],440
infinito,2,"['funes_el_memorioso.txt', 'la_biblioteca_de_babel.txt']",440
insond,1,['la_biblioteca_de_babel.txt'],441
instant,1,['la_biblioteca_de_babel.txt'],441
entend,1,['la_biblioteca_de_babel.txt'],442
proclamó,1,['la_biblioteca_de_babel.txt'],443
cámara,1,['la_biblioteca_de_babel.txt'],443
vocabulario,2,"['funes_el_memorioso.txt', 'la_biblioteca_de_babel.txt']",445
don,3,"['evangelio_segun_marcos.txt', 'funes_el_memorioso.txt', 'la_biblioteca_de_babel.txt']",445
aún,2,"['funes_el_memorioso.txt', 'la_biblioteca_de_babel.txt']",445
incesant,1,['la_biblioteca_de_babel.txt'],445
compendio,1,['la_biblioteca_de_babel.txt'],446
fundament,1,['la_biblioteca_de_babel.txt'],446
meno,3,"['evangelio_segun_marcos.txt', 'funes_el_memorioso.txt', 'la_biblioteca_de_babel.txt']",447
inimitablement,1,['la_biblioteca_de_babel.txt'],448
facsímil,1,['la_biblioteca_de_babel.txt'],450
incontrovert,1,['la_biblioteca_de_babel.txt'],451
podía,2,"['funes_el_memorioso.txt', 'la_biblioteca_de_babel.txt']",451
ejemplifican,1,['la_biblioteca_de_babel.txt'],451
altura,2,"['evangelio_segun_marcos.txt', 'la_biblioteca_de_babel.txt']",451
continuo,1,['la_biblioteca_de_babel.txt'],451
dio,3,"['evangelio_segun_marcos.txt', 'funes_el_memorioso.txt', 'la_biblioteca_de_babel.txt']",452
dialecto,1,['la_biblioteca_de_babel.txt'],453
cero,1,['la_biblioteca_de_babel.txt'],453
premisa,1,['la_biblioteca_de_babel.txt'],453
frecuent,1,['la_biblioteca_de_babel.txt'],454
ocultaban,1,['la_biblioteca_de_babel.txt'],455
puntual,1,['la_biblioteca_de_babel.txt'],455
profecía,2,"['funes_el_memorioso.txt', 'la_biblioteca_de_babel.txt']",455
cesar,1,['la_biblioteca_de_babel.txt'],456
creyó,1,['la_biblioteca_de_babel.txt'],456
necesidad,1,['la_biblioteca_de_babel.txt'],456
mediant,1,['la_biblioteca_de_babel.txt'],456
observó,1,['la_biblioteca_de_babel.txt'],458
llevan,2,"['evangelio_segun_marcos.txt', 'la_biblioteca_de_babel.txt']",458
culto,1,['la_biblioteca_de_babel.txt'],459
población,1,['la_biblioteca_de_babel.txt'],461
repito,2,"['funes_el_memorioso.txt', 'la_biblioteca_de_babel.txt']",461
vuelta,2,"['funes_el_memorioso.txt', 'la_biblioteca_de_babel.txt']",461
samoyedo,1,['la_biblioteca_de_babel.txt'],461
cubilet,1,['la_biblioteca_de_babel.txt'],462
legua,1,['la_biblioteca_de_babel.txt'],462
mero,1,['la_biblioteca_de_babel.txt'],463
tautología,1,['la_biblioteca_de_babel.txt'],463
vario,1,['la_biblioteca_de_babel.txt'],463
criptografía,1,['la_biblioteca_de_babel.txt'],463
divina,1,['la_biblioteca_de_babel.txt'],463
demiurgo,1,['la_biblioteca_de_babel.txt'],464
alegra,1,['la_biblioteca_de_babel.txt'],464
observar,1,['la_biblioteca_de_babel.txt'],464
carmesí,1,['la_biblioteca_de_babel.txt'],464
incoherent,1,['la_biblioteca_de_babel.txt'],467
pesar,1,['la_biblioteca_de_babel.txt'],469
formularon,1,['la_biblioteca_de_babel.txt'],469
irreemplaz,1,['la_biblioteca_de_babel.txt'],469
medio,2,"['funes_el_memorioso.txt', 'la_biblioteca_de_babel.txt']",470
vio,2,"['evangelio_segun_marcos.txt', 'la_biblioteca_de_babel.txt']",470
esperó,1,['la_biblioteca_de_babel.txt'],472
extravagant,1,['la_biblioteca_de_babel.txt'],473
suicidio,1,['la_biblioteca_de_babel.txt'],473
gramática,1,['la_biblioteca_de_babel.txt'],473
bibliotecario,1,['la_biblioteca_de_babel.txt'],474
pueden,1,['la_biblioteca_de_babel.txt'],475
suelen,2,"['evangelio_segun_marcos.txt', 'la_biblioteca_de_babel.txt']",478
lui,3,"['evangelio_segun_marcos.txt', 'funes_el_memorioso.txt', 'la_biblioteca_de_babel.txt']",478
negrísima,1,['la_biblioteca_de_babel.txt'],479
bandolerismo,1,['la_biblioteca_de_babel.txt'],479
idéntico,1,['la_biblioteca_de_babel.txt'],479
arcángel,1,['la_biblioteca_de_babel.txt'],479
invadían,1,['la_biblioteca_de_babel.txt'],480
problema,1,['la_biblioteca_de_babel.txt'],482
débilment,1,['la_biblioteca_de_babel.txt'],484
sucedió,2,"['evangelio_segun_marcos.txt', 'la_biblioteca_de_babel.txt']",484
ab,1,['la_biblioteca_de_babel.txt'],485
comprobaría,1,['la_biblioteca_de_babel.txt'],485
formular,1,['la_biblioteca_de_babel.txt'],486
propósito,1,['la_biblioteca_de_babel.txt'],487
notoriament,1,['la_biblioteca_de_babel.txt'],488
versión,1,['la_biblioteca_de_babel.txt'],490
alguien,2,"['evangelio_segun_marcos.txt', 'la_biblioteca_de_babel.txt']",491
provocaron,1,['la_biblioteca_de_babel.txt'],491
atrevo,1,['la_biblioteca_de_babel.txt'],491
ternura,1,['la_biblioteca_de_babel.txt'],491
certidumbr,1,['la_biblioteca_de_babel.txt'],491
cara,3,"['evangelio_segun_marcos.txt', 'funes_el_memorioso.txt', 'la_biblioteca_de_babel.txt']",493
abisma,1,['la_biblioteca_de_babel.txt'],493
cabo,2,"['evangelio_segun_marcos.txt', 'la_biblioteca_de_babel.txt']",493
divino,1,['la_biblioteca_de_babel.txt'],495
apena,2,"['funes_el_memorioso.txt', 'la_biblioteca_de_babel.txt']",495
arriba,1,['la_biblioteca_de_babel.txt'],495
apariencia,1,['la_biblioteca_de_babel.txt'],495
natal,1,['la_biblioteca_de_babel.txt'],496
vana,1,['la_biblioteca_de_babel.txt'],496
distribución,1,['la_biblioteca_de_babel.txt'],497
místico,1,['la_biblioteca_de_babel.txt'],498
tácito,1,['la_biblioteca_de_babel.txt'],498
límite,2,"['funes_el_memorioso.txt', 'la_biblioteca_de_babel.txt']",500
tal,3,"['evangelio_segun_marcos.txt', 'funes_el_memorioso.txt', 'la_biblioteca_de_babel.txt']",501
execrado,1,['la_biblioteca_de_babel.txt'],501
centro,1,['la_biblioteca_de_babel.txt'],501
intoler,2,"['funes_el_memorioso.txt', 'la_biblioteca_de_babel.txt']",503
existen,1,['la_biblioteca_de_babel.txt'],504
confuso,1,['la_biblioteca_de_babel.txt'],505
homogénea,2,"['funes_el_memorioso.txt', 'la_biblioteca_de_babel.txt']",505
gusto,1,['la_biblioteca_de_babel.txt'],506
evangelio,2,"['evangelio_segun_marcos.txt', 'la_biblioteca_de_babel.txt']",506
gabinet,1,['la_biblioteca_de_babel.txt'],506
pozo,1,['la_biblioteca_de_babel.txt'],506
localizar,1,['la_biblioteca_de_babel.txt'],507
adjetivo,1,['la_biblioteca_de_babel.txt'],508
beda,1,['la_biblioteca_de_babel.txt'],508
ortográfico,1,['la_biblioteca_de_babel.txt'],509
largament,1,['la_biblioteca_de_babel.txt'],509
bruscament,1,['la_biblioteca_de_babel.txt'],510
prosperó,1,['la_biblioteca_de_babel.txt'],510
exagerada,1,['la_biblioteca_de_babel.txt'],510
extinguirs,1,['la_biblioteca_de_babel.txt'],510
mató,1,['la_biblioteca_de_babel.txt'],511
